0,1,2,3,4
N=C(N)c1ccc2c(c1)=CC(c1cccc(C3(O)CCCCC3)n1)N=2,C1=NC(N)C1c1ccc2c(c1)CC(c1cccc(C3(O)CCCCC3)C1)N=2,C1=NC=NC2=C1C=CC=C2C1=CC=CC2=C1C=CC=C2C1(N)C=CC(=C1)C2=C1C=CC=C2C3=CC=CC4=C3C=CC(=C4)C5=C3C=CC(=C5)O6=C3C,C1=NC=NC2=C1c1ccc(cc1)C2(C3(C)C(C)C(C)C)C3OCC3C1=NC2=C1c1ccc(cc1)C2N=2,N=C(N)c1ccc2c(c1)CC(c1cccc(C3(O)CCCCC3)n1)N=2
C1CCC(=O)C1CC1CC(C)C(=O)CC1C1CCC(C)C(=O)CC1C1,C1CCC(=O)C2CC[C@H]1CC[C@H]1[C@H]2CC[C@]2(C)C(=O)CC[C@H]12,C1CCC(=O)C2CC[C@H]1CC[C@H]1[C@H]2CC2(C)C(=O)CC1CC2,C1CCC(=O)C2CCC(C(C(C(C(C(C(C(C(C(C(C(C(C(C(C(C(C(C(C(C(C(C(C(C(C(C(C(C(C(C(C(C(C(C(C(C(C(C(C(C(C(C(C(C(C(C(C(C(C(C(C(C(C(C(C(C(C(C(C(C(C(C(C(C(C(C(C(C(C(C(C,C1CCC(=O)C2CC[C@H]1CC[C@H]1C2CC(C)C(=O)CC1CC[C@H]2C2CC1
C[C@]12CCC(=O)C[C@@H]1CC[C@@H]1[C@@H]2CC[C@]2(C)C(=O)CC[C@@H]12,C1CCC(=O)C2CC(C)C(=O)CC1CC2,C1CCC(=O)C1CCC1C(=O)C1CCC1C(C)C,C1CCC(=O)C2CC1CC(C)C(=O)CC1CC2,C1CCC(=O)C2CC(C(C)C(=O)CC2)C1
C1CC[C@H]2C3CC[C@H](C4CC[C@H](CCC4=O)C)CC[C@@H]3[C@H]1CC2=O,C1CCC2CC[C@H]3C4CC[C@H](CCCC4=O)CC[C@@H]3[C@H]1CCC2=O,C1CC[C@H]2CC[C@H](C3CC[C@H](C4CC(=O)C5CCCC5)C)C(=O)C3CC2CCC1=O,C1CC[C@H]2C3CC[C@H](C4CC[C@H](C5CCCC4)C(=O)C)C(C)C3[C@H]2[C@H]1C(=O)C,C1CCC(C(C2CC3C(C(C(C(C(C(C(C(C(C(C(C(C(C(C(C(C(C(C(C(C(C(C(C(C(C(C(C(C(C(C(C(C(C(C(C(C(C(C(C(C(C(C(C(C(C(C(C(C(C(C(C(C(C(C(C(C(C(C(C(C(C(C(C(C(C(C(C(C(C(C(C
C1CCC(=O)C2CCC(C1)C(=O)C(C(C)C)CC2,C1CCC(=O)C1CC1CC1CC(C)C(=O)CC1CC1,C[C@]12CCC(=O)C[C@@H]1CC[C@@H]1[C@@H]2CC[C@]2(C)C(=O)CC[C@@H]12,C1CCC(=O)C2CC(C)C(=O)CC1C2,C1CCC(=O)C1CCC(C)C(=O)CC1CCC1
C[C@]12CCC(=O)C[C@@H]1CC[C@@H]1[C@@H]2CC[C@]2(C)C(=O)CC[C@@H]12,C1CCC(=O)C2CCC(C(C)C(=O)C)CC1CCC2,C1CCC(=O)C2CC[C@H]1CC[C@H]1[C@H]2CC[C@H]2CC(=O)CC[C@H]12,C[C@]12CCC(=O)C[C@@H]1CC[C@@H]1[C@@H]2CC[C@]2(C)C(=O)CC[C@@H]12,C1CCC(=O)C2CC[C@H]1CC[C@H]1C2CC[C@H]1CC2C(=O)CC1CC2
C1CCC(=O)C2CC[C@H]1CC[C@H]1[C@H]2CC2(C)C(=O)CC1CC[C@H]12,C1CCC2C(=O)C1CC(C)C1C(=O)CC2CC(C)C2,C1CCC(=O)C2CCC1C(C)C(=O)CC1C2CC2CCC1C(C)C(=O)CC1C2,C1CCC(=O)C1CCC1CC(=O)C1CC1C(C)C(=O)CC1CC1,C1CCC(=O)C[C@H]1CC[C@@H]1[C@H]2CC[C@@H]1[C@H]2CC[C@]2(C)C(=O)CC[C@@H]12
C1CCC(=O)C2CCC(C(C)C(=O)CC2)C1,C1CCC(=O)C2CC(C)C(=O)C1CC2,C[C@]12CCC(=O)C[C@H]1CC[C@H]1[C@H]2CC[C@]2(C)C(=O)CC[C@H]12,C[C@]12CCC(=O)C[C@@H]1CC[C@@H]1[C@@H]2CC[C@]2(C)C(=O)CC[C@@H]12,C1CCC(=O)C2CC(C)C(=O)C(C)C(C)C1
C1CCC(=O)C2CC1CC1CC2C(C)C(=O)CC1C2CCC1C2,C1CCC(=O)C2CCC1CC2CC1CCC2C(C)C(=O)CC2CC1C2,C1CCC(=O)C2CCC1CC(C)C(=O)CC1CC2,C1CCC(=O)C2CCC(C)C(=O)CC1C2,C[C@]12CCC(=O)C[C@H]1CC[C@H]1[C@H]2CC[C@]2(C)C(=O)CC[C@H]12
C[C@]12CCC(=O)C[C@H]1CC[C@H]1[C@H]2CC[C@]2CC(=O)CC[C@H]12,C1CCC(=O)C2CCC1CC2CC1CC(C)C(=O)CC2CC1CCC2,C1CCC(=O)C2CCC1CC2CC(=O)C1CCC2C1CC2C,C[C@]12CCC(=O)C[C@H]1CC[C@H]1[C@H]2CC[C@]2(C)C(=O)CC[C@H]12,C1CC2CCC(=O)C1CC(C1)CC(=O)CC1C2C(C)C(=O)CC1C2
C1[C@H]2CCC(=O)C[C@H]1CC[C@H]1[C@H]2CC[C@]2(C)C(=O)CC[C@H]12,C1CCC(=O)C2CCC1CC2C(=O)C1CCC2C1C2,C[C@]1CCC(=O)C[C@H]1CC[C@H]1[C@H]2CC[C@]2(C)C(=O)CC[C@H]12,C1CCC(=O)C2CC1CC2CC(C)C(=O)CC1CC2,C1CCC(=O)C[C@H]1CC[C@H]1[C@H]2CC[C@]2(C)C(=O)CC[C@H]12
C[C@]12CCC(=O)C[C@H]1CC[C@H]1[C@H]2CC[C@]2(C)C(=O)CC[C@H]12,C1CCC(=O)C2CCC(C)C(=O)CC1,C[C@]12CCC(=O)C[C@H]1CC[C@H]1[C@H]2CC[C@]2(C)C(=O)CC[C@H]12,C1CCC(=O)C2CC1CC(C)C(=O)CC1C2,C1CCC(=O)C2CC1CC2CC(C)C(=O)CC1CC2
C1CC2CCC(=O)C1CC1CC2CC1CC2C(=O)CC1CC2,C1CCC(=O)C2CCC1CC1CC2(C)C(=O)CC1C2CCC1C2,C1CCC(=O)C2CC(C1)CC(C2)C(=O)C(C(C1)CC(C2)C[C@H]1)C1CCC(=O)C2C[C@H](C1)C1CCC(=O)C2C[C@H](C1)C2,C1CCC(=O)C2CCC1CC2CC(=O)C1CC2CC1CC2,C[C@]12CCC(=O)C[C@H]1CC[C@H]1[C@H]2CC[C@]2(C)C(=O)CC[C@H]12
C1CC(=O)C2CCC1CC1CC2C(=O)CC1CCC2(C)C(=O)CC12,C1CCC(=O)C2CCC(C)C(=O)CC1C2,C1CCC(=O)C2CC[C@H]1CC[C@H]1[C@H]2CC2(C)C(=O)CC1CC[C@H]12,C1CCC(=O)C[C@H]1CC[C@H]1[C@@H]1CC[C@H]1CC(=O)C1CCC(C)C1,C1CCC(=O)C2CCC(C(C)C(=O)C3CCC(C(C)C(=O)C1)C3)C2
C1CCC2(C(C(=O)C3CC4CCCCC(=O)C(C4)C3)C(CCC3=O)C2)CC2CC1C2CC(C(=O)C3CC4CCCCC(=O)C(C4)C3)C2,C1CCC(=O)C1CCC2CC3CC4C[CH]CC(C4)C(C(=O)C4CC5CCCCC(=O)C(C5)C4)C(CCC3=O)C2CC2CC1C2,C1CCC2=OCCC3(C(C(C(C4CC5CC(C(C(C(C(C(C(C(C(C(C(C(C(C(C(C(C(C(C(C(C(C(C(C(C(C(C(C(C(C(C(C(C(C(C(C(C(C(C(C(C(C(C(C(C(C(C(C(C(C(C(C(C(C(C(C(C(C(C(C(C(C(C(C(C,C1CCC(=O)C2CCC3CCC4(C(C(C(C(C(C(C(C(C(C(C(C(C(C(C(C(C(C(C(C(C(C(C(C(C(C(C(C(C(C(C(C(C(C(C(C(C(C(C(C(C(C(C(C(C(C(C(C(C(C(C(C(C(C(C(C(C(C(C(C(C(C(C(C(C(C(C(C,C1CCC2C(C1)CC3CC4C(C(C3)C(C(C5C(C(C(C(C(C(C(C(C(C(C(C(C(C(C(C(C(C(C(C(C(C(C(C(C(C(C(C(C(C(C(C(C(C(C(C(C(C(C(C(C(C(C(C(C(C(C(C(C(C(C(C(C(C(C(C(C(C(C
C1CCC2C(=O)C(C(C(C(C(C(C(C(C(C(C(C(C(C(C(C(C(C(C(C(C(C(C(C(C(C(C(C(C(C(C(C(C(C(C(C(C(C(C(C(C(C(C(C(C(C(C(C(C(C(C(C(C(C(C(C(C(C(C(C(C(C(C(C(C(C(C(C(C(C(C(C,C1CCC(=O)C2CC3CC4C(C(C5CC(C(C(=O)C(C5)C4)C(C(C(C(C(C(C(C(C(C(C(C(C(C(C(C(C(C(C(C(C(C(C(C(C(C(C(C(C(C(C(C(C(C(C(C(C(C(C(C(C(C(C(C(C(C(C(C(C(C(C,C1CCC2=OCC3C(C(C(C(C(C(C4C(C(C(C(C(C(C(C(C(C(C(C(C(C(C(C(C(C(C(C(C(C(C(C(C(C(C(C(C(C(C(C(C(C(C(C(C(C(C(C(C(C(C(C(C(C(C(C(C(C(C(C(C(C(C(C(C(C(C(C(C(C(C(C,C1CCC(=O)C2CC3CC4C[C@H]5CC(C4)C(C(=O)C4CC5C(C5)C4)C(CCC3=O)C5CC(C(C5)C4)C2CC1C2,C1CCC2(C(C(C(C(C(C(C(C(C(C(C(C(C(C(C(C(C(C(C(C(C(C(C(C(C(C(C(C(C(C(C(C(C(C(C(C(C(C(C(C(C(C(C(C(C(C(C(C(C(C(C(C(C(C(C(C(C(C(C(C(C(C(C(C(C(C(C(C(C(C(C(C(C(C(C(C
C1CCC2CC3CC4C[C@H]5CC6CC7CC(C(C7)C(C(=O)C6)C6)C(C6)C(C(C6)C(C(=O)C6)C(C6)C(C5)C(C3)C(C2)C2)C(C2)C(C1)C2,C1CCOC1CCC2C3CC4C[C@@H]5CC(C4)C(C(=O)C4CC5CC6CC7CC(C(C(C(C(C(C(C(C(C(C(C(C(C(C(C(C(C(C(C(C(C(C(C(C(C(C(C(C(C(C(C(C(C(C(C(C(C(C(C(C(C(C(C(C(C,C1CCC(=O)C1CC1CCC(=O)C1CC2CC3CCC4CC(C(=O)C4)C(C3)C(C2)C(C1)C(C1)C(C(=O)C1)C(C1)C(C1)C(C1)C(C1)C(C1)C(C1)C(C,C1CC(=O)C2CCC1[C@H]1CC[C@H]1[C@H]2CC2(C)C(=O)CC1[C@H]12,C1CC(=O)C[C@H]1CC[C@H]1[C@H]2CC[C@]2(C)C(=O)CC[C@H]12
C1CCC2CC3C4C(C(C(C(C(C(C(C(C(C(C(C(C(C(C(C(C(C(C(C(C(C(C(C(C(C(C(C(C(C(C(C(C(C(C(C(C(C(C(C(C(C(C(C(C(C(C(C(C(C(C(C(C(C(C(C(C(C(C(C(C(C(C(C(C(C(C(C(C(C(C(C,C1CCC(=O)C2CC3CC4C[CH]CC(C4)C(C(=O)C4CC5CCCCC(=O)C(C5)C4)C(CCC3=O)C2CC2CC1C2,C1CCC2C(=O)C3CC4CC(C(C)C5CC(C(C)C(C(C)C(C(C)C(C(C)C(C(C)C(C(C)C(C(C)C(C(C)C(C(C)C(C(C)C(C(C)C(C(C)C(C(C)C(C(C)C(C(C)C(C,C1CCC2(C1)C3(C2)C4(C3)C5(C4)C(C(=O)C5)C(C(C5)C4)C(C(C4)C3)C(C(C3)C2)C(C(C2)C1)C(C(C1)C2)C(C(C2)C3)C(C,C1CCC2=OCC(C2)C3CC4CC(C5(C(C(C(C(C(C(C(C(C(C(C(C(C(C(C(C(C(C(C(C(C(C(C(C(C(C(C(C(C(C(C(C(C(C(C(C(C(C(C(C(C(C(C(C(C(C(C(C(C(C(C(C(C(C(C(C(C(C(C(C(C(C(C
C1CCC(=O)C2CC3CC4C[C@H]5CC(C(C(=O)C4CC6CCCCC(=O)C(C6)C4)C(CCC3=O)C5)C(CCC6=O)C2CC2C1C2,C1CCC(=O)C2CCC3CC4CC5CC(C(=O)C6CC7CC(C(=O)C8CC9CC(C(=O)C1C(C)C(C)C(C)C(C)C(C)C(C)C(C)C(C)C(C)C(C)C(C)C(C)C(C)C(C,C1CCC(=O)C1CC1CCC2C(C(=O)C2(C(C(C(C(C(C(C(C(C(C(C(C(C(C(C(C(C(C(C(C(C(C(C(C(C(C(C(C(C(C(C(C(C(C(C(C(C(C(C(C(C(C(C(C(C(C(C(C(C(C(C(C(C(C(C(C(C(C(C(C(C,C1CCC(=O)C2CCC3CC4CC5CC(C(C5)C4)C(C(C5)C(C(C(C5)C(C(=O)C4CC5CC(C(C5)C4)C(C5)C4)C(C5)C4)C(C5)C4)C(C5)C4)C(C,C1CCC2C(=O)C(C(C3C4CC(C(C5C(C(C(C(C(C(C(C(C(C(C(C(C(C(C(C(C(C(C(C(C(C(C(C(C(C(C(C(C(C(C(C(C(C(C(C(C(C(C(C(C(C(C(C(C(C(C(C(C(C(C(C(C(C(C(C(C(C(C(C(C(C
C1CCC2(C(C(C(C(C(C(C(C(C(C(C(C(C(C(C(C(C(C(C(C(C(C(C(C(C(C(C(C(C(C(C(C(C(C(C(C(C(C(C(C(C(C(C(C(C(C(C(C(C(C(C(C(C(C(C(C(C(C(C(C(C(C(C(C(C(C(C(C(C(C(C(C(C(C(C(C,C1CCC(=O)C2CCC3C(C(C(C(C(C(C(C(C(C(C(C(C(C(C(C(C(C(C(C(C(C(C(C(C(C(C(C(C(C(C(C(C(C(C(C(C(C(C(C(C(C(C(C(C(C(C(C(C(C(C(C(C(C(C(C(C(C(C(C(C(C(C(C(C(C(C(C(C(C,C1CCC2C(=O)C3CC4C(C(C5C(C(C(C(C(C(C(C(C(C(C(C(C(C(C(C(C(C(C(C(C(C(C(C(C(C(C(C(C(C(C(C(C(C(C(C(C(C(C(C(C(C(C(C(C(C(C(C(C(C(C(C(C(C(C(C(C(C(C(C(C(C(C(C,C1CC2CC3CC4CC(C5CC(C(C(C(C(C5)C)C)C)C)C(C(C(C(C(C(C(C(C(C(C(C(C(C(C(C(C(C(C(C(C(C(C(C(C(C(C(C(C(C(C(C(C(C(C(C(C(C(C(C(C(C(C(C(C(C(C(C(C(C(C(C(C,C1CCC2(C1)C3C(C(C(C(C(C(C(C(C(C(C(C(C(C(C(C(C(C(C(C(C(C(C(C(C(C(C(C(C(C(C(C(C(C(C(C(C(C(C(C(C(C(C(C(C(C(C(C(C(C(C(C(C(C(C(C(C(C(C(C(C(C(C(C(C(C(C(C(C(C(C
C1CCC(=O)C2CC3CC4C[C@H]5CC(C(C(C(C(C(C(C(C(C(C(C(C(C(C(C(C(C(C(C(C(C(C(C(C(C(C(C(C(C(C(C(C(C(C(C(C(C(C(C(C(C(C(C(C(C(C(C(C(C(C(C(C(C(C(C(C(C(C(C(C(C,C1CCC2C3CCC4C(C(C5CC6CC(C(C6)C(C5)C4)C(C(C3)C(C2)C(C1)C2)C(C(C2)C(C1)C(C2)C(C1)C2)C(C(C3)C(C2)C(C1)C(C2)C,C1CCC2=OCC(C2)C3CC4C(C(C5C(C(C(C(C(C(C(C(C(C(C(C(C(C(C(C(C(C(C(C(C(C(C(C(C(C(C(C(C(C(C(C(C(C(C(C(C(C(C(C(C(C(C(C(C(C(C(C(C(C(C(C(C(C(C(C(C(C(C(C(C(C,C1CCC(=O)C2CC3CC4C[C@@H]5CC(C4)C(C(=O)C4CC6CC7CC8CCC(C8)C(C7)C6)C(CCC3=O)C5C(C2)C2CC1C2,C1CCC2C(=O)C3CC4CC(C5CC(C(C(C(C(C(C(C(C(C(C(C(C(C(C(C(C(C(C(C(C(C(C(C(C(C(C(C(C(C(C(C(C(C(C(C(C(C(C(C(C(C(C(C(C(C(C(C(C(C(C(C(C(C(C(C(C(C(C(C(C(C(C(C(C
O=C(NCC1ccc2occc2c1)C1=NC=C(C2=NN=C[C@@H]2c2cccc(Cl)c2)C1,O=C(NCc1ccc2occc2c1)C1=NC=C(C2=NN=C[C@@H]2c2cccc(Cl)c2)C1,C1CCC(=O)C2CCC(C(C)C(=O)C)C(C)C2C1,C1CCC(=O)C2CCC(C(C)C(=O)C)CC1CC2,C1CCC(=O)C2CCC(C)C(=O)C(C)CC1
C1CC(=O)C2CC(C)C(=O)CC1CC2,C1CCC(=O)C2CCC(C(C)C(=O)C1)CC2,C1CCC2=OCC3CCC4(C(C(C5CC(C(C(C(C(C(C(C(C(C(C(C(C(C(C(C(C(C(C(C(C(C(C(C(C(C(C(C(C(C(C(C(C(C(C(C(C(C(C(C(C(C(C(C(C(C(C(C(C(C(C(C(C(C(C(C(C(C(C(C(C(C(C(C(C(C,C1CCC(=O)C2CCC(C)C(=O)CC1CC2,C1CCC(=O)C2CCC(C)C(=O)CC1CCC2
C1CCC(=O)C2CCC(C(C)C(=O)C)CC2C1,C1CCC(=O)C1CC(C)CC(=O)C1CC(C)C1,C1CCC(=O)C2CCC(C(=O)C(C)C)CC1,C1CCC(=O)C2CCC(C)C(=O)CC1C2,C1CCC(=O)C2CCC(C(=O)C3CCC(C)C(=O)C(C(C)C)CC3)C2C1
C1CCC2=OCC3CC4C[C@@H]5CC(C4)C(C(=O)C4CC6CC7CC8C(C7)C(C(=O)C7)C(C7)C(C(C8)C(C(C7)C(C(C8)C(C(C8)C(C(C8)C(C(C8)C,C1CCOC1CCC2CC3C(C(C)C4C(C)C(C(C)C(C(C)C(C(C)C(C(C)C(C(C)C(C(C)C(C(C)C(C(C)C(C(C)C(C(C)C(C(C)C(C(C)C(C(C)C(C(C)C(C(C)C(C,C1CCC(=O)C2CC3CC4C[CH]CC(C4)C(C(=O)C4CC5CCCCC(=O)C(C5)C4)C(CCC3=O)C2CC2CC1C2CC1,C1CCC(=O)C1CCC2CC3CC(C(C4)C(C(C(C(C(C(C(C(C(C(C(C(C(C(C(C(C(C(C(C(C(C(C(C(C(C(C(C(C(C(C(C(C(C(C(C(C(C(C(C(C(C(C(C(C(C(C(C(C(C(C(C(C(C(C(C(C(C(C(C(C(C(C,C1CCC2(C1)C3CCC4(C(C3)C5CCC6(C(C5)C(C(C(C(C(C(C(C(C(C(C(C(C(C(C(C(C(C(C(C(C(C(C(C(C(C(C(C(C(C(C(C(C(C(C(C(C(C(C(C(C(C(C(C(C(C(C(C(C(C(C(C(C(C(C(C(C
C1CCC2C(O=C1)C3CC4C(C(C5CC6CC(C(C7CC(C(C(C(C(C(C(C(C(C(C(C(C(C(C(C(C(C(C(C(C(C(C(C(C(C(C(C(C(C(C(C(C(C(C(C(C(C(C(C(C(C(C(C(C(C(C(C(C(C(C(C(C(C(C(C(C,C[C@]12CCC(=O)C[C@H]1CC[C@H]1[C@H]2CC[C@]2CC(=O)CC[C@H]12,C1CCC(=O)C2CCC(C)C(=O)C(C)C1,C[C@]12CCC(=O)C[C@H]1CC[C@H]1[C@H]2CC[C@]2(C)C(=O)CC[C@H]12,C1CCC(=O)C2CC(C)C(=O)C1CC2
C1CCC(=O)C2CC3CCC4(C(C(C(C(C(C(C(C(C(C(C(C(C(C(C(C(C(C(C(C(C(C(C(C(C(C(C(C(C(C(C(C(C(C(C(C(C(C(C(C(C(C(C(C(C(C(C(C(C(C(C(C(C(C(C(C(C(C(C(C(C(C(C(C(C(C(C(C,C1CCC(=O)C2CC3CC4C[C@H]5CC(C(C(C(C(C5)C4)C(C(C(C3(C(C2)C1)C4)C(C(C(C4(C(C(C(C4(C(C(C(C4(C(C(C(C(C4(C(C(C(C(C(C(C(C(C(C(C(C(C(C(C,C1CCC2(C(C(C(=O)C3CC4CCCCC(=O)C(C4)C3)C(CCC2=O)C2)C(C(C(C)C)C)C(C(C(C)C)C)C(C(C(C)C)C)C(C(C(C)C)C)C(C(C(C)C)C,C1CCC(=O)C2CC3CC4C[C@H]5CC6CC7CC(C(=O)C7)C(C7)C4CC(C(C(C(C(C5)C6)C)C)C)C(C3=O)C2CC2CC1,C1CC2C(=O)C3CCC4C(C(C(C(C(C(C(C(C(C(C(C(C(C(C(C(C(C(C(C(C(C(C(C(C(C(C(C(C(C(C(C(C(C(C(C(C(C(C(C(C(C(C(C(C(C(C(C(C(C(C(C(C(C(C(C(C(C(C(C(C(C(C(C(C(C(C(C
C1CCC2C(=O)C3CC4C(C(C(=O)C4)C(C5CC6CC(C(C(C(C(C(C(C(C(C(C(C(C(C(C(C(C(C(C(C(C(C(C(C(C(C(C(C(C(C(C(C(C(C(C(C(C(C(C(C(C(C(C(C(C(C(C(C(C(C(C(C(C(C,C1CC(=O)C2CC3CC4C[C@H]5CC(C6CC(C(C(C(C(C(C(C(C(C(C(C(C(C(C(C(C(C(C(C(C(C(C(C(C(C(C(C(C(C(C(C(C(C(C(C(C(C(C(C(C(C(C(C(C(C(C(C(C(C(C(C(C(C(C(C(C(C(C,C1CCC(=O)C1CCC1CCC(=O)C1CCC2CC3CC(C(C4)C(C(C5)C(C(C(C(C5(C(C(C(C5)C(C(C(C(C(C(C(C(C(C(C(C(C(C(C(C(C(C(C(C(C(C(C(C(C(C(C(C(C(C(C(C(C(C(C(C(C(C,C1CCC2C(C(=O)C3CCC4(C(C5C(C(C(C(C(C(C(C(C(C(C(C(C(C(C(C(C(C(C(C(C(C(C(C(C(C(C(C(C(C(C(C(C(C(C(C(C(C(C(C(C(C(C(C(C(C(C(C(C(C(C(C(C(C(C(C(C(C(C(C(C(C(C(C,C1CCC(=O)C1CCC2CC3C(C(C(C(C(C(C(C(C(C(C(C(C(C(C(C(C(C(C(C(C(C(C(C(C(C(C(C(C(C(C(C(C(C(C(C(C(C(C(C(C(C(C(C(C(C(C(C(C(C(C(C(C(C(C(C(C(C(C(C(C(C(C(C(C(C(C(C
C1CCC2(C(C1)C3CC4CC(C(C(C(C(C(C(C(C(C(C(C(C(C(C(C(C(C(C(C(C(C(C(C(C(C(C(C(C(C(C(C(C(C(C(C(C(C(C(C(C(C(C(C(C(C(C(C(C(C(C(C(C(C(C(C(C(C(C(C(C(C(C(C(C(C(C(C,C1CCC(=O)C2CC3CC4C[C@H]5CC6CC7CC(C(C(C(C(C(C(C(C(C(C(C(C(C(C(C(C(C(C(C(C(C(C(C(C(C(C(C(C(C(C(C(C(C(C(C(C(C(C(C(C(C(C(C(C(C(C(C(C(C(C(C(C(C(C(C(C(C,C1CCC(=O)C2CC3CCC4C(C(C(C(C(C(C(C(C(C(C(C(C(C(C(C(C(C(C(C(C(C(C(C(C(C(C(C(C(C(C(C(C(C(C(C(C(C(C(C(C(C(C(C(C(C(C(C(C(C(C(C(C(C(C(C(C(C(C(C(C(C(C(C(C(C(C(C,C1CCC(=O)C2CC3CC4C[C@@H]5CC6CC7CC8CC(C(C8)C(C7)C6)C(C(C5)C4)C(C(C3)C2)C(C2)C2CC1C2,C1CCC2C(=O)C3CCC4(C(C(C(C(C5C(C(C(C(C(C(C(C(C(C(C(C(C(C(C(C(C(C(C(C(C(C(C(C(C(C(C(C(C(C(C(C(C(C(C(C(C(C(C(C(C(C(C(C(C(C(C(C(C(C(C(C(C(C(C(C(C(C(C(C(C(C
C1CCC(O=C1)C2CCC3C(C(C(C(C(C(C(C(C(C(C(C(C(C(C(C(C(C(C(C(C(C(C(C(C(C(C(C(C(C(C(C(C(C(C(C(C(C(C(C(C(C(C(C(C(C(C(C(C(C(C(C(C(C(C(C(C(C(C(C(C(C(C(C(C(C(C(C(C,C1CCC(=O)C1CCC1CC2CC3CCC4(C(C(C(C(C(C(C(C(C(C(C(C(C(C(C(C(C(C(C(C(C(C(C(C(C(C(C(C(C(C(C(C(C(C(C(C(C(C(C(C(C(C(C(C(C(C(C(C(C(C(C(C(C(C(C(C(C(C(C(C(C(C(C(C,C1CCC2(C(=O)C3CC4C(C)C(C(C(C(C(C(C(C(C(C(C(C(C(C(C(C(C(C(C(C(C(C(C(C(C(C(C(C(C(C(C(C(C(C(C(C(C(C(C(C(C(C(C(C(C(C(C(C(C(C(C(C(C(C(C(C(C(C(C(C(C(C(C(C(C,C1CCC2(C(=O)C(C(C3CCC4CC5CC(C(=O)C(C(C5)C4)C3)C(C(C5)C4)C3)C(C(C3)C2)C2)C(C(C3)C2)C1)C(C(C(C3)C2)C1)C(C(C,C1CCC2C(=O)C(C(C(C(C(C(C(C(C(C(C(C(C(C(C(C(C(C(C(C(C(C(C(C(C(C(C(C(C(C(C(C(C(C(C(C(C(C(C(C(C(C(C(C(C(C(C(C(C(C(C(C(C(C(C(C(C(C(C(C(C(C(C(C(C(C(C(C(C(C(C(C
C1CCC(=O)C2CCC(C)C(=O)CC1,C1CCC(=O)C1CC1CC1CC(=O)C1CC1C,C1CCC(=O)C2CCC1CC1CC2C(C)C(=O)CC1CC2,C1CCC(=O)C1CC1CCC(=O)C1CC1CCC1C,C1CCC(=O)C[C@H]1CC[C@H]1[C@H]2CC[C@]2(C)C(=O)CC[C@H]12
C1CCC(=O)C1CCC1CCC(=O)C1CC2CCC3C(C(C(C(C(C(C(C(C(C(C(C(C(C(C(C(C(C(C(C(C(C(C(C(C(C(C(C(C(C(C(C(C(C(C(C(C(C(C(C(C(C(C(C(C(C(C(C(C(C(C(C(C(C(C(C(C(C(C(C,C1CCOC1CCC2C3CCC4C(C(C(C(C(C(C(C(C(C(C(C(C(C(C(C(C(C(C(C(C(C(C(C(C(C(C(C(C(C(C(C(C(C(C(C(C(C(C(C(C(C(C(C(C(C(C(C(C(C(C(C(C(C(C(C(C(C(C(C(C(C(C(C(C(C(C(C(C,C1CCOC1CCC2C3CC4C[C@@H]5CC6CC7CC8CC(C(C(C(C8)C7)C6)C5)C(C(=O)C4CC5CCCCC(=O)C(C5)C4)C(CCC3=O)C2)CC2CC1C2,C1CCC2CC3C4CC(C(C5CC(C(C(C(C(C(C(C(C(C(C(C(C(C(C(C(C(C(C(C(C(C(C(C(C(C(C(C(C(C(C(C(C(C(C(C(C(C(C(C(C(C(C(C(C(C(C(C(C(C(C(C(C(C(C(C(C(C(C(C(C(C(C(C(C(C(C(C,C1CCC(=O)C2CC3CC4C[CH]CC(C4)C(C(=O)C4CC5CCCCC(=O)C(C5)C4)C(CCC3=O)C2)CC2CC1C2
C1CCC2(C(C(=O)C3CC4CC5CC(C(C(C(C(C(C(C(C(C(C(C(C(C(C(C(C(C(C(C(C(C(C(C(C(C(C(C(C(C(C(C(C(C(C(C(C(C(C(C(C(C(C(C(C(C(C(C(C(C(C(C(C(C(C(C(C(C(C(C(C(C(C(C(C,C1CCC(=O)C2CC3CC4C[C@H]5CC(C4)C(C(=O)C4CC6CC7CC(C(=O)C(C7)C6)C(C7)C6)C(C5)C(CCC3=O)C2)CC2CC1C2,C1CCC(=O)C2CC3CC4C[C@H]5CC(C4)C(C(=O)C4CC5CCCC(=O)C(C5)C4)C(CCC3=O)C2CC2CC1C2,C1CCC(=O)C2CC3CC4C[C@H]5CC(C4)C(C(=O)C4CC5CCC6(C(C5)C4)C(CCC3=O)C5)C(CCC3=O)C2CC2C1C2,C1CCC(=O)C2CC3CCC4(C(C(C(C(C(C(C(C(C(C(C(C(C(C(C(C(C(C(C(C(C(C(C(C(C(C(C(C(C(C(C(C(C(C(C(C(C(C(C(C(C(C(C(C(C(C(C(C(C(C(C(C(C(C(C(C(C(C(C(C(C(C(C(C(C(C(C(C
C1CCC(=O)C2CC3CC4C[C@H]5CC(C4)C(C(=O)C4CC5CC6CC(C(=O)C(C6)C4)C(CCC3=O)C5)C(CCC4=O)C2)CC2CC1C2,C1CCC2=OCC(C(C1)C2)C(C(C1)C2CC3CC4C(C(C3)C4)C(C(C3)C4)C(C(C3)C4)C(C(C3)C4)C(C(C3)C4)C(C(C3)C4)C(C(C3)C4,C1CCC2(C(C(=O)C3CC4CC(C(C(C(C(C(C(C(C(C(C(C(C(C(C(C(C(C(C(C(C(C(C(C(C(C(C(C(C(C(C(C(C(C(C(C(C(C(C(C(C(C(C(C(C(C(C(C(C(C(C(C(C(C(C(C(C(C(C(C(C(C(C(C(C(C(C,C1CCC(=O)C2CC3CC4CC(C5CC6CC(C(C(C(C(C(C(C(C(C(C(C(C(C(C(C(C(C(C(C(C(C(C(C(C(C(C(C(C(C(C(C(C(C(C(C(C(C(C(C(C(C(C(C(C(C(C(C(C(C(C(C(C(C(C(C(C(C(C(C(C(C(C,C1CCC(=O)C2CC3CC4C[C@H]5CC(C4)C(C(=O)C4CC6CC7CCCCC(=O)C(C6)C4)C(CCC3=O)C2)CC2CC1C2
C1CCC(=O)C2CC3CC4C[C@H]5CC6CC7CC(C(=O)C7(C8CCC(C(C8)C)C(=O)C8CC9CC(C(C(C9)C)C(=O)C9)C)C)C(C6)C(C3)C(C2)C(C5,C1CCC(=O)C2CC3CC4C[C@H]5CC(C4)C(C(=O)C4CC5CC(C(=O)C4(C(C5)C4)C5)C(C3)C2)C(C(C(C(C(C(C(C(C(C(C(C(C(C(C(C(C(C(C(C(C(C(C(C(C,C1CC2CC3CC4CC5CC(C(=O)C5)C(C5)C4CC(C(=O)C4)C(C3)C2CC(C(=O)C2)C(C2)C1CC(C(=O)C2)C(C2)C1,C1CCC(=O)C2CC3CCC4(C(C5CC(C(C5)C(C(C5)C(C(C5)C(C(C5)C(C(C5)C(C(C5)C(C(C5)C(C(C5)C(C(C5)C(C(C5)C(C(C5)C(C(C5)C(C(C5),C1CCC(=O)C1CCC1C2CC3CCC(C2)C(C(C3)C(C(C(C(C(C(C(C(C(C(C(C(C(C(C(C(C(C(C(C(C(C(C(C(C(C(C(C(C(C(C(C(C(C(C(C(C(C(C(C(C(C(C(C(C(C(C(C(C(C(C(C(C(C(C(C(C
C1CCC2=OCC(C1)C3CC4C(C(C5C(C(C(C(C(C(C(C(C(C(C(C(C(C(C(C(C(C(C(C(C(C(C(C(C(C(C(C(C(C(C(C(C(C(C(C(C(C(C(C(C(C(C(C(C(C(C(C(C(C(C(C(C(C(C(C(C(C(C(C(C(C,C1CC2CC3CC4CC(C3)C(C(C(C(C(C(C(C(C(C(C(C(C(C(C(C(C(C(C(C(C(C(C(C(C(C(C(C(C(C(C(C(C(C(C(C(C(C(C(C(C(C(C(C(C(C(C(C(C(C(C(C(C(C(C(C(C(C(C(C(C(C(C(C(C(C(C(C,C1CCC(=O)C2CC3CC4C[C@@H]5CC(C4)C(C(=O)C4CC5CC6CC7CC8CCC(C7)C(C8)C6)C(C3=O)C2CC2CC1C2,C1CC(=O)C2CC(C)C(=O)CC(C)C1,C1CCC(=O)C2CCC(C)C(=O)CC1CC2
C1CCC(=O)C2CCC1CC1CC2C2CCC(=O)C1CC2CC(C)C(=O)CC1CC2,C1CCC(=O)C2CC(C)CC(C(=O)C)CC2C1,C1CCC(=O)C2CC(C)C(=O)CC1C2,C1CCC(=O)C2CCC(C(C)C(=O)CC2)C1,C1CCC(=O)C1CC1CC(C)C(=O)CC1CC1
C1CCC(=O)C[C@H]1CC[C@@H]1[C@@H]2CC[C@]2(C)C(=O)CC[C@@H]12,C1CCC(=O)C2CCC(C1)CC(C2)C(=O)C1CCC(C2)CC(C1)C(=O)CC2C1CCC(C2)C(C1)C,C1CCC(=O)C2CCC(C)C(=O)C1CC2,C1c2ccccc2C(=O)N1C3CC(C(C)C)C3C4=CC=CC4C(=O)N5C(C)CC(C)C5C6=CC=CC6C(=O)N7C(C)CC(C)C7,C1c2ccccc2C(=O)N1c1ccc(cc1)C(=O)Nc1ccc(cc1)C2CC(C)(C)C1CCC2
C1CCC(=O)C2CC[C@H]1CC[C@H]1[C@H]2CC[C@]2(C)C(=O)CC[C@H]12,C1CC(=O)C2CC(C)CC(C(=O)C1)C2,C1CCC(=O)C2CC[C@H]1CC[C@@H]1[C@H]2CC[C@]2(C)C(=O)CC[C@H]12,C1CCC(=O)C2CC[C@H]1CC[C@H]1[C@@H]2CC2(C)C(=O)CC1CC2,C1CCC(=O)C2CC(C)C(=O)CC1CC2
C1CCCO=C1CC[C@H]2CCCC1CC[C@H]1C3CC[C@H](CCCC3=O)CC[C@H]2C1CCCO=C1,C1CCOC1CCC1CC(C(C(C)C)C(=O)C1)CC1,C1CCOC(C(C)C1)C2CCC1C3CC(C(C)C3)C(C)C1CC2C3CC(C(C)C3)C(C)C1OC(C(C)C1)C2,C1CCC2C(=O)C3CCC[C@H](C1)C(C(C(C(C(C3)C)C)C)C)C2,C1CCOC1CC2CC(C(C)C1)C3CC(C(C)C)C(C(C)C)C3=O
C1CCC(=O)C1CCC2CC3CC4C[CH]CC(C4)C(C(=O)C4CC5CCCCC(=O)C(C5)C4)C(CCC3=O)C2CC2CC1C2,C1CCC(=O)C2CC3CC4C[C@H]5CC(C(C(=O)C5)C4)C(CCC3=O)C5CC(C(C5)C4)C(CCC3=O)C2CC2CC1C2,C1CCC1OC1CCC2C(C(C3CC4C(C(C5C(C(C(C(C(C(C(C(C(C(C(C(C(C(C(C(C(C(C(C(C(C(C(C(C(C(C(C(C(C(C(C(C(C(C(C(C(C(C(C(C(C(C(C(C(C(C(C(C(C(C(C(C(C(C(C(C(C(C(C(C(C,C1CCC(=O)C2CC3CC4C[C@H]5CC6CC7CC(C8CC(C(C(C(C(C(C8)C)C)C)C)C)C(C(C(C(C(C7)C)C)C)C)C(C(C(C(C(C6)C)C)C)C)C(C(C(C,C1CCOC(=O)C2CC3CC4C(C(C)C5CC(C(C)C(C(=O)C5CC6CC(C(C)C(C(=O)C6)C(C)C5)C(C)C(C)C(C)C(C)C(C)C(C)C(C)C(C)C(C)C(C)
C1CCC(=O)C2CC1CC2CC(C)C(=O)CC1C2CCC1C2,C1CCC(=O)C[C@H]1CC[C@H]1[C@H]2CC[C@]2(C)C(=O)CC[C@H]12,C1CCC(=O)C2CC(C)CC1CC2C(=O)CC1CC2C,C1CCC(=O)C2CCC1CC2C(=O)C1CCC2C(C)C(=O)CC1C2,C1CCC(=O)C1CC1CC1CC(=O)C1CC1C
C1CCC2=OCC(C3CC4CC(C(C5)C(C(C5)C4)C(=O)C(C5CC6CC(C(C6)C5)C(=O)C(C5)C4)C(C3=O)C2)C(C5)C(C(C5)C4)C(=O)C(C5,C1CCC(=O)C2CC3CC4C(C(C5CC6CC(C(C(C(C(C(C(C(C(C(C(C(C(C(C(C(C(C(C(C(C(C(C(C(C(C(C(C(C(C(C(C(C(C(C(C(C(C(C(C(C(C(C(C(C(C(C(C(C(C(C(C(C(C(C(C(C(C(C(C(C(C,C1CCC(=O)C2CC3CC4C[C@@H]5CC(C4)C(C(=O)C4CC6CC7CC8C(C7)C(C8)C(=O)C7)C(C5)C(C3=O)C2)CC2CC1C2,C1CCC(=O)C2CC3CC4C(C)C(C(C(C(C(C(C(C(C(C(C(C(C(C(C(C(C(C(C(C(C(C(C(C(C(C(C(C(C(C(C(C(C(C(C(C(C(C(C(C(C(C(C(C(C(C(C(C(C(C(C(C(C(C(C(C(C(C(C(C(C(C(C(C(C,C1CCC2(C(C(=O)C2)C(C(C(C(C(C(C(C(C(C(C(C(C(C(C(C(C(C(C(C(C(C(C(C(C(C(C(C(C(C(C(C(C(C(C(C(C(C(C(C(C(C(C(C(C(C(C(C(C(C(C(C(C(C(C(C(C(C(C(C(C(C(C(C(C(C(C(C
C1CC2CC3CC4CC(C(C5)C(C(C(C(C(C(C(C(C(C(C(C(C(C(C(C(C(C(C(C(C(C(C(C(C(C(C(C(C(C(C(C(C(C(C(C(C(C(C(C(C(C(C(C(C(C(C(C(C(C(C(C(C(C(C(C(C(C(C(C(C(C(C(C(C(C(C,C1CCC(=O)C1CC1CCC(=O)C1(C)C(C)C(C)C1CCC1C1CC2CC3CC(C(C(C(C)C(C)C(C)C)C(C)C(C)C)C)C(C)C(C)C(C)C(C)C(C)C(C)C(C)C,C1CCC(=O)C2CCC(C(C)C(=O)C)CC1CC2,C1CCC(=O)C2CC3CC4C[C@H]5CC(C4)C(C(=O)C4CC5CCC(=O)C(C5)C4)C(CCC3=O)C2CC2C2CC1C2,C1CC2CC3CC4C[C@H]5CC(C(C(C(C(C(C(C(C(C(C(C(C(C(C(C(C(C(C(C(C(C(C(C(C(C(C(C(C(C(C(C(C(C(C(C(C(C(C(C(C(C(C(C(C(C(C(C(C(C(C(C(C(C(C(C(C(C(C(C(C(C(C(C(C(C
C1CCC(=O)C2CCC(C)C(=O)C(C)C1CC2,C1CCC(=O)C2CCC(C(C)C(=O)C1)C(C)C2,C1CCC(=O)C2CCC(C1)C(=O)C(C(C)C)C(C)C2,C1CCC(=O)C2CCC(C(C)C(=O)C2)C1,C1CCC(=O)C2CCC(C1)CC(C(C(C(C(C(C(C(C(C(C(C(C(C(C(C(C(C(C(C(C(C(C(C(C(C(C(C(C(C(C(C(C(C(C(C(C(C(C(C(C(C(C(C(C(C(C(C(C(C(C(C(C(C(C(C(C(C(C(C(C(C(C(C(C(C(C(C
C1CCC(=O)C2CCC(C(C(C(C(C(C2C)C)C)C)C)C)C(=O)C1,C[C@]12CCC(=O)C[C@H]1CC[C@H]1[C@H]2CC[C@]2(C)C(=O)CC[C@H]12,C1CCC(=O)C2CCC1CC2C1CC2C(C)C(=O)CC1C2CC1C2,C1CCC(=O)C2CC[C@H]1CC[C@H]1[C@H]2CC2CC(=O)CC1[C@H]2C1,C[C@H]1CC(=O)C[C@H]1CC[C@H]1[C@H]2CC[C@]2(C)C(=O)CC[C@H]12
C1CCC(=O)C1CCC2CC3CC4C[C@H]5CC(C4)C(C(=O)C4CC5CCC(=O)C(C4)C4CC5CCC3=O)C(C5)C4CC2CC1C2,C1CCC2(C(C1)C(C(C2)C3CCC4C(C(C3)C(C(C4)C(C(C(C(C(C(C(C(C(C(C(C(C(C(C(C(C(C(C(C(C(C(C(C(C(C(C(C(C(C(C(C(C(C(C(C(C(C(C(C(C(C(C(C(C(C(C(C(C(C(C(C(C,C1CCC(=O)C1CCC1CCC(=O)C1CC1,C1CCC(=O)C2CCC(C)C(=O)C1CCC1C2,C1CCC2(C(C(=O)C2)C(C(C(C(C(C(C(C(C(C(C(C(C(C(C(C(C(C(C(C(C(C(C(C(C(C(C(C(C(C(C(C(C(C(C(C(C(C(C(C(C(C(C(C(C(C(C(C(C(C(C(C(C(C(C(C(C(C(C(C(C(C(C(C(C(C(C(C
C1CC2CC3CC(C(C4)C(C(=O)C4(C(C5)C(C(C(C(C(C(C(C(C(C(C(C(C(C(C(C(C(C(C(C(C(C(C(C(C(C(C(C(C(C(C(C(C(C(C(C(C(C(C(C(C(C(C(C(C(C(C(C(C(C(C(C(C(C(C(C(C(C,C1CCC(=O)C2CC3CC4C[C@H]5CC(C4)C(C(=O)C4CC6CC7CC8CC(C(C(C8)C7)C6)C(=O)C(C5)C4)C(CCC3=O)C2)CC2CC1C2,C1CCC2(C(=O)C3CC4CC(C(C(C(C(C(C(C(C(C(C(C(C(C(C(C(C(C(C(C(C(C(C(C(C(C(C(C(C(C(C(C(C(C(C(C(C(C(C(C(C(C(C(C(C(C(C(C(C(C(C(C(C(C(C(C(C(C(C(C(C(C(C(C(C(C(C(C,C1CCOC1C2CC3CC4C[C@H]5CC6CC7CC(C(C7)C6)C(C(=O)C6CC8CC9CC(C(C9)C8)C(=O)C(C8)C6)C(C(C3)C3=O)C5)CC5CC2C2,C1CCC(=O)C2CC3CC4C[C@H]5CC(C4)C(C(=O)C4CC6CCCCC(=O)C(C6)C4)C(CCC3=O)C5CC2CC1C2
C1CCC(=O)C1CCC2(C(C)C3CC4CC(C(C)C(C(C)C5CC(C(C)C(C(C)C(C)C(C)C(C)C5)C(C)C(C)C(C)C(C)C(C)C(C)C(C)C(C)C(C)C(C)C(C),C1CCC(=O)C2CC3CC4C[C@H]5CC6CC7CC8CC(C(C8)C(C(C7)C(C6)C(=O)C4)C(C5)C4)C(C(C3)C(=O)C2)C(C2)C2CC1C2,C1CCC2=OCC(C3=O)C(C(C(C(C(C(C(C(C(C(C(C(C(C(C(C(C(C(C(C(C(C(C(C(C(C(C(C(C(C(C(C(C(C(C(C(C(C(C(C(C(C(C(C(C(C(C(C(C(C(C(C(C(C(C(C(C(C(C(C(C(C(C(C(C(C(C(C,C1CCC(=O)C2CC3CC4C[C@H]5CC(C(C(=O)C5)C4)C(CCC3=O)C2CC(C(C(=O)C4CC5CC6CC(C(C(=O)C6)C5)C4)C(CCC3=O)C5)C2)CC,C1CCC2=CC(=O)C3CCC4(C(C5CC(C(C(C(C(C(C5CC(C(C(C(C(C(C(C(C(C(C(C(C(C(C(C(C(C(C(C(C(C(C(C(C(C(C(C(C(C(C(C(C(C(C(C(C(C(C(C(C(C(C(C(C(C(C(C(C(C(C(C(C(C(C(C
C1CCC(=O)C2CC3CC4C[C@H]5CC(C(C(C(C(C(C(C(C(C(C(C(C(C(C(C(C(C(C(C(C(C(C(C(C(C(C(C(C(C(C(C(C(C(C(C(C(C(C(C(C(C(C(C(C(C(C(C(C(C(C(C(C(C(C(C(C(C(C(C(C(C,C1CCC(=O)C2CC3CC4CC(C(C(C(C(C(C(C(C(C(C(C(C(C(C(C(C(C(C(C(C(C(C(C(C(C(C(C(C(C(C(C(C(C(C(C(C(C(C(C(C(C(C(C(C(C(C(C(C(C(C(C(C(C(C(C(C(C(C(C(C(C(C(C(C(C(C(C,C1CCC2C(=O)C3CCC4(C(C5C(C(C(C(C(C(C(C(C(C(C(C(C(C(C(C(C(C(C(C(C(C(C(C(C(C(C(C(C(C(C(C(C(C(C(C(C(C(C(C(C(C(C(C(C(C(C(C(C(C(C(C(C(C(C(C(C(C(C(C(C(C(C(C(C,C1CCC(=O)C2CC3CC4C[C@H]5CC(C(C(=O)C4(C(C(C(C(C(C(C(C(C(C(C(C(C(C(C(C(C(C(C(C(C(C(C(C(C(C(C(C(C(C(C(C(C(C(C(C(C(C(C(C(C(C(C(C(C(C(C(C(C(C(C(C(C(C,C1CCC(=O)C2CC3CC4C[C@H]5CC6CC7CC(C(C8CC(C(C(C(C(C(C(C(C(C(C(C(C(C(C(C(C(C(C(C(C(C(C(C(C(C(C(C(C(C(C(C(C(C(C(C(C(C(C(C(C(C(C(C(C(C(C(C(C(C(C(C(C(C
C1CCC(=O)C2CC(C)CC(C(=O)C1)CC2,C[C@]12CCC(=O)C[C@@H]1CC[C@@H]1[C@@H]2CC[C@]2(C)C(=O)CC[C@@H]12,C1CC(=O)C2CCC(C1)CC(C(C)C(=O)C(C)C)C2,C1CC(=O)C2CCC(C(C)C(=O)CC2)CC1,C1CCC(=O)C2CCC(C)C(=O)CC1C2
C1CCC(=O)C2CCC(C1)CC(C)C(=O)CC1(C)C2,C1CCC(=O)C2CC(C)CC1C(=O)CC1CC2C,C1CCC(=O)C2CCC(C1)C(=O)CC1CC2C(C)C(=O)CC1C2,C[C@]12CCC(=O)C[C@@H]1CC[C@@H]1[C@@H]2CC[C@]2(C)C(=O)CC[C@@H]12,C1CCC(=O)C[C@H]1CC[C@@H]1[C@@H]2CC[C@]2(C)C(=O)CC[C@@H]12
CC1C2CCC(C(=O)CCCCC2=O)C(C)C(C)CC(C)C(C)C1C,C1CC2CCC(C(=O)CCCCC2=O)C(C)C(C)CC1,C1CCC(C(=O)CCCCC1=O)C(C)C(C)C(C)C(C)C1C,C1CCC(C(=O)CCCCC1=O)C(C)C(C)C(C)C(C)C1C,C1CCC(C(=O)CCCCC1=O)C(C)C(C)C(C)C(C)C1C
CC(=O)N1C(=O)N(C2=NC(=O)N(C3C(C(C(O3)C)COP(=O)(O)OP(=O)(O)OP(=O)(O)O)O)C2=N1)C,C1=NC(=O)C2=NC(=O)N(C3C(C(C(O)C(C(O)C4C(C(C(=O)OP(=O)(O)O)O4)C(C(=O)OP(=O)(O)O)O)O3)C)C)C2=N1,CC(=O)N1C(=O)N(C2=NC(=O)N(C3C(C(C(O3)COP(=O)(O)OP(=O)(O)OP(=O)(O)O)CO)C)C2=N1)C,CC(=O)N1C(=O)N(C2=NC(=O)N(C3[C@H](C(C(C(O3)(COP(=O)(O)OP(=O)(O)OP(=O)(O)O)O)CO)C)C)C2=N1)C,CC(=O)N1C(=O)N(C2=C(N(C3C(C(C(O3)(COP(=O)(O)OP(=O)(O)O)O)COP(=O)(O)O)COP(=O)(O)O)C2=N1)C)C
C1CCC(=O)C1CC(C)CC(=O)C1CCC1,C1CCC(=O)C2CC1CC1CC2CC(=O)C1CC2CCC1C2,C1CCC(=O)C2CC[C@H]1CC[C@H]1[C@H]2CC[C@]2(C)C(=O)C2CC[C@H]12,C1CCC(=O)C1CC(C)CC(=O)C1CC1C,C1CCC(=O)C2CCC1CC2CC(C)C(=O)CC1CC2
C[C@H]1CCC(=O)C[C@H]1CC[C@H]1[C@H]2CC[C@]2(C)C(=O)CC[C@H]12,C1CCC(=O)C2CCC(C)C(=O)CC1,C1CCC(=O)C1CCC1CCC(=O)C1CC1C,C1CCC(=O)C1CC1CC(C)C(=O)CC1CC1,C[C@]12CCC(=O)C[C@H]1CC[C@H]1[C@H]2CC[C@]2(C)C(=O)CC[C@H]12
C1=NC=NC2=C1C=CC=C2C1=CC=CC2=C1C=CC(C3=CC=CC=CC3)C=CC(C4=CC=CC=C4)N=2,C1=NC=NC1c1ccc2c(c1)CC(c1cccc(C3(O)CCCCC3)c1)N=2,C1=NC=NC2=C1C=CC=C2C1=CC=CC2=C1C=CC(=C3C=CC(=C(C(=O)C3)C)C)C=CC3=C1)C=CC(=O)C3C=CC(=C(C(=O)C3)C)C,"""CN=C(N)c1ccc2c(c1)CC(c1cccc(C3(O)CCCCC3)n1)N2""",N=C(N)c1ccc2c(c1)CC(c1cccc(C3(O)CCCCC3)n1)N=2
CC1=C(F)[C@H]2[C@]3(C(=S)C1)[C@@]14S[C@@H]1CC(F)=C(F)[C@@]24C,C1=CC(=O)C(F)(C(F)(C1)C2(C(C(C(C3(C2)S[C@H]3)C4)C(C(C(C4)C)S)C)C)C)C)C,C1=C(F)C(F)C2[C@H]3[C@]4(C(=S)C1)C(C)S[C@H]1CC(F)=C(F)C3[C@]24,CC1=CC(F)=C(F)C1(C(C(C(C(F)S2)C3(C(C(C(C(F)S4)C5(C(C(C(F)S5)C(C(C(C(F)S5)C(C(C(C(F)S5)C(C(C(C(F)S5)C(C(C(C(F)S5)C(C(C,CC1=C(F)C(F)[C@H]2[C@]3(C(=S)C1)[C@@]14S[C@@H]1CC(F)=C(F)[C@@]24C
C1CCC2C(=O)C[C@H]1CC[C@H]1[C@H]2CC[C@]2(C)C(=O)CC[C@H]12,C1CCC(=O)C2CCC1CC2C1CCC2(C)C(=O)CC1C2,C1CCC(=O)C[C@H]1CC[C@H]1[C@H]2CC[C@]2(C)C(=O)CC[C@H]12,C1CCC(=O)C2CC[C@H]1CC[C@H]1[C@H]2CC[C@]2(C)C(=O)CC[C@H]12,C1CCC(=O)C2CCC(C1)CC(C(C)C(=O)C2)C2CC(C)C(=O)C1CC2
C1CCC(=O)C[C@H]1CC[C@H]1[C@H]2CC[C@]2(C)C(=O)CC[C@H]12,C1CCC(=O)C2CCC(C)C(=O)CC1CC2,C1CCC(=O)C2CC[C@H]1CC[C@H]1[C@H]2CC[C@]2(C)C(=O)CC1[C@H]2C2,C[C@]12CCC(=O)C[C@@H]1CC[C@@H]1[C@@H]2CC[C@]2(C)C(=O)CC[C@@H]12,C1CCC2C(=O)C1CC(C(C)C)C1(C)C(=O)CC1C2
C1CCC(=O)C2CCC(C1)C(C(C(C(C2)C)C)C)C(=O)C1CC(C2)C(C(C(C(C1)C)C)C)C,C1CCC(=O)C2CCC(C1)CC2CC(=O)CC1CC2CCC(C1)C2,C1CCC(=O)C2CCC(C1)C(C(C2)C)CC(=O)C1CCC2(C1)C(C(C2)C)C,C1CCC(=O)C2CC[C@H]1CC[C@H]1[C@H]2CC[C@H]2CC(=O)C1CC2CCC1C2,C1CCC(=O)C2CC(C)CC1CC(C)C(=O)CC1CC2
C1CCC(=O)C2CC3CC4C[C@H]5CC(C4)C(C(=O)C4CC6CCCCCC(=O)C(C6)C4)C(CCC3=O)C2CC2CC1C2,C1CCC2(C1)C3CC4C(C(C5CC(C(C(C(C(C(C(C(C(C(C(C(C(C(C(C(C(C(C(C(C(C(C(C(C(C(C(C(C(C(C(C(C(C(C(C(C(C(C(C(C(C(C(C(C(C(C(C(C(C(C(C(C(C(C(C(C(C(C(C(C(C(C(C(C,C1CCC2(C(=O)C3CC4CCCCC(=O)C(C4)C3)C(C(C(C(C(C(C(C(C(C(C(C(C(C(C(C(C(C(C(C(C(C(C(C(C(C(C(C(C(C(C(C(C(C(C(C(C(C(C(C(C(C(C(C(C(C(C(C(C(C(C(C(C(C(C(C,C1CC2CC3CC(C(=O)C4CC5CCCCC(=O)C(C5)C4)C(CCC3=O)C2CC(C(C(C(C(C(C(C(C(C(C(C(C(C(C(C(C(C(C(C(C(C(C(C(C(C(C(C(C(C(C(C(C(C(C(C(C(C(C(C(C(C(C(C,C1CCC2=OCCC3C4CC(C5CC(C(C(C(C(C5)C)C)C)C(C(C(C(C4)C)C)C)C(C(C(C(C3)C)C)C)C(C(C(C(C2)C)C)C)C(C(C(C(C1)C)C)C)C
C[C@]12CCC(=O)C[C@H]1CC[C@H]1[C@H]2CC[C@]2(C)C(=O)CC[C@H]12,C1CCC(=O)C2CCC(C)C(=O)C1CC2,C1CCC(=O)C2CCC(C1)CC1CCC2(C)C(=O)CC1C2CCC1C2,C1CCC(=O)C2CCC1CC1CC2CC2(C)C(=O)CC1CC2C2CCC1,C1CCC(=O)C2CC[C@H]1CC[C@H]1C2CC2(C)C(=O)CC1CC2
C1CCC2CC3C(C(C4CC5CC6CC7CC(C(C(C(C(C(C(C(C(C(C(C(C(C(C(C(C(C(C(C(C(C(C(C(C(C(C(C(C(C(C(C(C(C(C(C(C(C(C(C(C(C(C(C(C(C(C(C(C(C(C(C(C(C(C(C(C(C(C(C(C(C(C(C,C1CCC2CC(C1)C3CC4CC(C5CC(C(C(C(C(C(C(C(C(C(C(C(C(C(C(C(C(C(C(C(C(C(C(C(C(C(C(C(C(C(C(C(C(C(C(C(C(C(C(C(C(C(C(C(C(C(C(C(C(C(C(C(C(C(C(C(C(C(C(C(C(C(C(C(C,C1CCC(=O)C1CCC2CCC3C(C(C)C(C(=O)C4CCCCC(=O)C(C4)C3)C(C)C(C)C2)C(C)C(C)C1,C1CCC(=O)C2CCC3CC4C[C@H]5CC(C4)C(C(=O)C4CC5CCCCC(=O)C(C5)C4)C(CCC3=O)C2CC2CC1C2,C1CCC2C(=O)C(C(C(C(C(C(C(C(C(C(C(C(C(C(C(C(C(C(C(C(C(C(C(C(C(C(C(C(C(C(C(C(C(C(C(C(C(C(C(C(C(C(C(C(C(C(C(C(C(C(C(C(C(C(C(C(C(C(C(C(C(C(C(C(C(C(C(C(C(C(C(C
C[C@]12CC[C@H]3C4CCC[C@H](CC[C@@H]3[C@H]1CCC2=O)CC4=O,C[C@H]1CC[C@H]2C3CCC[C@H](C1CCC2=O)C3=O,C1CCC2CCC3(C(C(C(C(C1)C)C)C)C(=O)C3)C(=O)C2,C1CCC(=O)C2CC3CC4C(C)CC(C4)C(C(=O)C4CC5CCCC(=O)C(C5)C4)C(CCC3=O)C2CC2CC1C2,C1CCC(=O)C2CC3CC4CC(C(C5)C(C(C(C(C(C(C(C(C(C(C(C(C(C(C(C(C(C(C(C(C(C(C(C(C(C(C(C(C(C(C(C(C(C(C(C(C(C(C(C(C(C(C(C(C(C(C(C(C(C(C(C(C(C(C(C(C(C(C(C(C(C(C
C1CCC(=O)C1CCC1C2CC3CC4C[CH]CC(C4)C(C(=O)C4CC5CCCCC(=O)C(C5)C4)C(CCC3=O)C2CC2C1CC2,C1CCC(=O)C2CC3CC4C[C@H]5CC(C4)C(C(=O)C4CC6CC7CC8CC(C(C8)C7)C(C(C6)C(C4)C(=O))C5)C(C(C3)C2)C2CC1C2,C1CCC2=OCC(C(C1)C3CC4CC(C(C5)C(C(C(C(C(C(C(C(C(C(C(C(C(C(C(C(C(C(C(C(C(C(C(C(C(C(C(C(C(C(C(C(C(C(C(C(C(C(C(C(C(C(C(C(C(C(C(C(C(C(C(C(C(C(C(C(C(C(C(C,C1CCC2CC3CC4CC(C5CC(C(C(C(C(C(C(C(C(C(C(C(C(C(C(C(C(C(C(C(C(C(C(C(C(C(C(C(C(C(C(C(C(C(C(C(C(C(C(C(C(C(C(C(C(C(C(C(C(C(C(C(C(C(C(C(C(C(C(C(C(C(C(C(C(C(C(C(C,C1CCC(=O)C2CC3CC4C[C@H]5CC(C4)C(C(=O)C4CC(C(C5)C(C4)CC(C(C4)CC(C(C4)C(C(C4)CC(C(C4)CC(C(C4)CC(C(C4)CC(C(C4)C(C(C4)C(C
C1CCC(=O)C2CCC(C)CC1CC(C)CC(=O)C2CCC1,C1CCC(=O)C2CCC1CC2CC(=O)C1CC2CC1CC2,C1CCC(=O)C1CC(C(C)C)C(C)CC(=O)C(C)C,C1CCC(=O)C2CCC1CC1CC2CC(=O)CC1CCC2C(C)C(=O)C2CCC1C2,C1CCC(=O)C2CCC1CC1CC(=O)C2CCC1CC2
C1CCC(=O)C2CC3CC4C[C@H]5CC6CC7CC(C(C(=O)C7)C6)C(C(C(=O)C4)C(C5)C4)C(C(C3=O)C2)C2CC1C2,C1CCC(=O)C2CC3CC4C[C@H]5CC6CC(C(C6)C4)C(C(=O)C4CC5CC(C(=O)C4(C(C5)C4)C3)C(C(C3)C2)C2)C(C(C2)C1)C2CC1,C1CCC2C(=O)C3CC4C(C(C5C(C(C(C(C(C(C(C(C(C(C(C(C(C(C(C(C(C(C(C(C(C(C(C(C(C(C(C(C(C(C(C(C(C(C(C(C(C(C(C(C(C(C(C(C(C(C(C(C(C(C(C(C(C(C(C(C(C(C(C(C(C(C(C,C1CCC2C3CC4C5C(C(C(C(C(C5)C(C(C(C(C4)C(C(C(C(C(C(C(C(C(C(C(C(C(C(C(C(C(C(C(C(C(C(C(C(C(C(C(C(C(C(C(C(C(C(C(C(C(C(C(C(C(C(C(C(C(C(C(C(C(C(C(C(C(C(C,C1CCC2CC[C@H]3[C@@H]4CCC(=O)C[C@@H](CC[C@H]3[C@H]1CCC2=O)C4
C1CCC(=O)C2CCC(C1)C1CCC(C2)C2CC(=O)C1CCC2,C1CCC(=O)C2CC[C@H]1CC[C@H]1[C@H]2CC[C]2CC(=O)CC[C@@H]21,C1CCC(=O)C2CC[C@H]1CC[C@H]1[C@H]2CC[C]2CC(=O)CC[C@H]21,C1CCC2CCC(=O)C1CCC1CC2CC(=O)C1CC2CCC(C)1C2,C1CCC(=O)C2CCC1CC2CC(=O)C1CC2CC1CC2
C1CCC2(C(=O)C3CC4CC(C5CC(C(C(C(C(C(C(C(C(C(C(C(C(C(C(C(C(C(C(C(C(C(C(C(C(C(C(C(C(C(C(C(C(C(C(C(C(C(C(C(C(C(C(C(C(C(C(C(C(C(C(C(C(C(C(C(C(C(C(C(C(C(C(C(C,C1CCC2(C(C1)CC3CC4C(C(C5)C(C(C(C5)C(C(C4)C(C(C(C4)C(C(C(C4)C(C(C4)C(C(C4)C(C(C(C4)C(C(C(C4)C(C(C(C4)C(C(C(C4)C(C(C(C4),C1CC(=O)C2CC3CC4C[C@@H]5CC6CC7CC(C(C(C(C7)C(C6)C5)C(C(=O)C4)C4)C(C(C(C4)C(C4)C3)C(C(=O)C4)C4)C(C(C(C(C4)C(C,C1CCC(=O)C2CC3CC4C[C@@H]5CC(C4)C(C(=O)C4CC6CCCC7CC(=O)C(C7)C4)C(CCC3=O)C5C2)CC2CC1C2,C1CCC(=O)C1CCC2CC3CC4C[C@H]5CC6CC7CC(C(=O)C7)C(C6)C4C(CCC3=O)C5CC(C)C2CC1C2
C1CC(=O)C2CC[C@H]3C[C@H](CC[C@H]4[C@@H]5CCCC(C(C(C(C(C(C(C(C(C(C(C(C(C(C(C(C(C(C(C(C(C(C(C(C(C(C(C(C(C(C(C(C(C(C(C(C(C(C(C(C(C(C(C(C(C(C(C(C(C,C1=NC=NC2=C1C=CC=C2C1=CC=CC2=C1C=CC=C2C1=CC=CC3=C(C(C(C(C(C(C3)C)C)C)C)C)N=O,C1=NC(=N)C2=C3C=CC=CC3=C2C4=C(C=CC5=C(C=CC=C5)C(C(C(C(C(C(C(C(C(C(C(C(C(C(C(C(C(C(C(C(C(C(C(C(C(C(C(C(C(C(C(C(C(C(C(C(C(C(C(C(C(C(C(C(C(C(C,C1=NC(N)c1cccc2c1cccc1C(C(C(O)CCCCC3)C3)c2=NC1=NC(N)c1cccc2c1cccc1C(C(C(O)CCCCC3)C3)c2=NC,C1=NC=CC(=N)C1c1ccc2c(c1)CC(C1(O)CCCCC1)N=2
C1CCC(=O)C2CC3CC4C[C@@H]5CC6CC7CC(C(=O)C8CC9CC(C(C(C(C(C(C(C(C(C(C(C(C(C(C(C(C(C(C(C(C(C(C(C(C(C(C(C(C(C(C(C(C(C(C(C(C(C(C(C(C(C(C(C(C(C(C(C(C,C1CC2CCC3C(C(=O)C(C(C4CC5CC(C(C(C(C(C(C(C(C(C(C(C(C(C(C(C(C(C(C(C(C(C(C(C(C(C(C(C(C(C(C(C(C(C(C(C(C(C(C(C(C(C(C(C(C(C(C(C(C(C(C(C(C(C(C(C(C(C(C(C(C(C(C,C1CC2CCC3C1CC4C1CC5C(C(=O)C5CC6CCCCC(=O)C(C6)C5)C(CCC3=O)C1C2CC1C2CC1,C1CCC1=OCCC1C2CC3CC4C2CC(C4)C(C(=O)C4CC5CCCCC(=O)C(C5)C4)C(C3=O)C2)CC2CC1C2CC1,C1CCC(=O)C2CCC3C(C(=O)C4CC5CCCCC(=O)C(C5)C4)C(C(CCC3=O)C2)C2CC2CC1
C1CCC(=O)C2CC3CC4C[C@H]5CC6CC(C(C7CC8CC(C(C8)C7)C(C8)C7)C(C8)C7)C(=O)C(C6)C5C(C8)C7C(C(C3)C2)C(C3)C2C(C,C1CCC(=O)C2CC3CC4C[C@H]5CC6CC7CC8CC(C7)C(C(=O)C8)C(C6)C(C5)C(C4)C(C3)C2C(C2)C1,C1CCC(=O)C2CC3CC4C[CH]CC(C4)C(C(=O)C4CC5CCCCC(=O)C(C5)C4)C(CCC3=O)C2CC2CC1C2,C1CCOC2(C3CCC4C(C(C5C(C(C(C(C(C(C(C(C(C(C(C(C(C(C(C(C(C(C(C(C(C(C(C(C(C(C(C(C(C(C(C(C(C(C(C(C(C(C(C(C(C(C(C(C(C(C(C(C(C(C(C(C(C(C(C(C(C(C(C(C(C(C(C(C(C(C,C1CCOC1CCC2CC3CC4C[C@@H]5CC6CC7CC8CC(C(C(C8)C7)C6)C(C(C(C4)C5)C3)C(C(C(C2)C2)C2)C(C(C(C3)C3)C3)C(C(C(C4)C4)
C1CC[C@H]2C3CC[C@H]4C[C@H](C5CC[C@H]4C(=O)C3)C2CCC5=O,C1CCC1CCC2C3CCC4C5CC(C(C(C(C(C(C(C(C(C(C(C(C(C(C(C(C(C(C(C(C(C(C(C(C(C(C(C(C(C(C(C(C(C(C(C(C(C(C(C(C(C(C(C(C(C(C(C(C(C(C(C(C(C(C(C(C(C(C(C(C(C(C(C(C(C(C(C,C1CCC2CC[C@H]3C4CC[C@H](CCCC4=O)CC[C@H]3[C@H]1CCC2=O,C1CCC2C[C@H]1CC[C@H]3C4CC[C@H](CCCC4=O)CC[C@H]3[C@H]2CCC1=O,C1CCC(=O)C2CCC(C(C(C(C2)C)C)C)C(=O)C1
C1CCC(=O)C2CCC(C)C(=O)CC1CC2,C1CCC(=O)C2CC[C@H]1CC[C@H]1[C@H]2CC[C@]2(C)C(=O)CC[C@H]12,C[C@H]1CC(=O)C[C@H]1CC[C@H]1[C@H]2CC[C@]2(C)C(=O)CC[C@H]12,C1CCC(=O)C2CCC(C)C(=O)CC1,C1CCC(=O)C2CCC(C1)CC2(C)C(=O)CC1CC2CCC(C1)C2
C1CCC2(C(C(C(C(C(C(C(C(C(C(C(C(C(C(C(C(C(C(C(C(C(C(C(C(C(C(C(C(C(C(C(C(C(C(C(C(C(C(C(C(C(C(C(C(C(C(C(C(C(C(C(C(C(C(C(C(C(C(C(C(C(C(C(C(C(C(C(C(C(C(C(C(C(C(C(C,C1CCC(=O)C1CC2CC3CC4CC(C(C5CC6CC(C(C7CC(C(C(C8CC(C(C(C9)C(C(C(C(C(C(C(C(C(C(C(C(C(C(C(C(C(C(C(C(C(C(C(C(C(C(C(C(C(C(C(C(C(C(C(C(C(C(C(C(C(C(C(C(C,C1CC2CCC3C2=OCC4CC5CC(C(C(C(C(C5)C4)C3)C2)C1)C(C(C(C(C1)C2)C3)C2)C(C(C(C(C1)C2)C3)C2)C(C(C(C(C1)C2)C3)C,C1CCC2(C(C(C(C(C(C(C(C(C(C(C(C(C(C(C(C(C(C(C(C(C(C(C(C(C(C(C(C(C(C(C(C(C(C(C(C(C(C(C(C(C(C(C(C(C(C(C(C(C(C(C(C(C(C(C(C(C(C(C(C(C(C(C(C(C(C(C(C(C(C(C(C(C(C(C(C,C1CCC2=OCC(C3=C(C(C(C(C(C(C(C(C(C(C(C(C(C(C(C(C(C(C(C(C(C(C(C(C(C(C(C(C(C(C(C(C(C(C(C(C(C(C(C(C(C(C(C(C(C(C(C(C(C(C(C(C(C(C(C(C(C(C(C(C(C(C(C(C(C(C(C(C(C(C
C1CCC(=O)C2CC3CC4C[C@H]5CC(C(C5)C4)C(C(=O)C4CC5CCCCC(=O)C(C5)C4)C(CCC3=O)C2CC2CC1,C1CCC(=O)C2CC3CC4C(C(C)C(C5CC(C(C(C(C(C(C(C(C(C(C(C(C(C(C(C(C(C(C(C(C(C(C(C(C(C(C(C(C(C(C(C(C(C(C(C(C(C(C(C(C(C(C(C(C(C(C(C(C(C(C(C(C(C(C(C(C(C(C(C(C,C1CCC2C(=O)C3CC4CC5CC(C(C5)C4)C(C(=O)C5CC(C(C(C(C(C(C5)C4)C3)C2)C1)C2)C(C(C(C(C(C(C(C(C(C(C(C(C(C(C(C(C(C(C(C(C(C(C(C(C(C(C,C1CCC(=O)C2CC3CC4C[C@@H]5CC6CC(C(C(=O)C6)C6CC7CC8CC(C(C(=O)C7)C8)C7)C(C(C(C(C5)C6)C3)C2)C(C(C(C(C6)C1)C2)C,C1CCC2C(C1)C3CC4CC(C(C5C(C(C(C(C(C(C(C(C(C(C(C(C(C(C(C(C(C(C(C(C(C(C(C(C(C(C(C(C(C(C(C(C(C(C(C(C(C(C(C(C(C(C(C(C(C(C(C(C(C(C(C(C(C(C(C(C(C(C(C(C(C(C(C
C1CCC(=O)C1CCC2CC3CC4C[C@H]5CC(C4)C(C(=O)C4CC5)C(C(C4)C(C(=O)C4)C5)C(C3)C(C(C2)C2)C2CC1C2,C1CCC(=O)C2CC3CC4C[C@@H]5CC(C(C(C(C(C(C(C(C(C(C(C(C(C(C(C(C(C(C(C(C(C(C(C(C(C(C(C(C(C(C(C(C(C(C(C(C(C(C(C(C(C(C(C(C(C(C(C(C(C(C(C(C(C(C(C(C(C(C(C(C(C,C1CCC2=OCCC3C(C4CC5CC(C(C(C(C(C(C(C(C(C(C(C(C(C(C(C(C(C(C(C(C(C(C(C(C(C(C(C(C(C(C(C(C(C(C(C(C(C(C(C(C(C(C(C(C(C(C(C(C(C(C(C(C(C(C(C(C(C(C(C(C(C(C(C(C(C(C,C1CCC(=O)C1CCC2CC3CC4CC5CC(C(C(C(C(C(C(C(C(C(C(C(C(C(C(C(C(C(C(C(C(C(C(C(C(C(C(C(C(C(C(C(C(C(C(C(C(C(C(C(C(C(C(C(C(C(C(C(C(C(C(C(C(C(C(C(C(C(C(C(C(C(C(C,C1CCC2=OCCC1CC3CC4C[CH]CC(C4)C(C(=O)C4CC5CCCCC(=O)C(C5)C4)C(CCC3=O)C2CC2CC1C2
C1CCC(=O)C1CCC1CCC2CC3CC4C(C(C)C5CCC(C(C)C(C5)C4)C(C)C(C)C(C)C(C)C(C)C(C)C(C)C(C)C(C)C(C)C(C)C(C)C(C)C(C)C(C)C(C,C1CCC(=O)C2CC3CC4C[C@@H]5CC(C4)C(C(=O)C4CC5CC(=O)C(C5)C4)C(CCC3=O)C2CC2CC1C2,C1CC2CC(C(=O)C3CC4C(C5CC(C(C(C(C(C(C(C(C(C(C(C(C(C(C(C(C(C(C(C(C(C(C(C(C(C(C(C(C(C(C(C(C(C(C(C(C(C(C(C(C(C(C(C(C(C(C(C(C(C(C(C(C(C(C(C(C(C(C(C(C(C(C(C,C1CCOC1CCC2CC3C4CC(C(C5CC(C(C(C(C(C(C(C(C(C(C(C(C(C(C(C(C(C(C(C(C(C(C(C(C(C(C(C(C(C(C(C(C(C(C(C(C(C(C(C(C(C(C(C(C(C(C(C(C(C(C(C(C(C(C(C(C(C(C(C(C(C(C(C(C,C1CC(=O)C2CCC3C(C(C(C(C(C(C(C(C(C(C(C(C(C(C(C(C(C(C(C(C(C(C(C(C(C(C(C(C(C(C(C(C(C(C(C(C(C(C(C(C(C(C(C(C(C(C(C(C(C(C(C(C(C(C(C(C(C(C(C(C(C(C(C(C(C(C(C(C(C
C1CCC(=O)C2CCC1CC2C(C)C(=O)CC1CCC2C1,C1CCC(=O)C2CCC(C)C(=O)C1CCC2,C1CC(=O)C[C@H]1CC[C@H]1[C@H]2CC[C@]2(C)C(=O)CC[C@H]12,C1CCC(=O)C2CCC1CC2CC1C(C)C(=O)CC1C2CCC1C2,C1CC2CCC(=O)C1CC(C)C(=O)C2CC1
C1CCC(=O)C2CC[C@H]1CC[C@H]1[C@H]2CC[C@]2(C)C(=O)CC[C@H]12,C1CCC(=O)C2CCC1CC1CC2C(C)C(=O)CC1CC2CCC1C2,C[C@H]1CC(=O)C[C@H]1CC[C@H]1[C@H]2CC[C@]2(C)C(=O)CC[C@H]12,C[C@]12CCC(=O)C[C@H]1CC[C@H]1[C@H]2CC[C@]2(C)C(=O)CC[C@H]12,C1CCC(=O)C2CCC1CC2CC1CC2C(=O)CC1C2CCC1C
C1CCC(=O)C2CCC(C1)C(=O)C(C(C(C(C(C(C(C(C(C(C(C(C(C(C(C(C(C(C(C(C(C(C(C(C(C(C(C(C(C(C(C(C(C(C(C(C(C(C(C(C(C(C(C(C(C(C(C(C(C(C(C(C(C(C(C(C(C(C(C(C(C(C(C,C1CC2CCC(=O)C1CC1CC2CC1(C)C(=O)CC1C2,C1CCC(=O)C2CCC1CC2C(C)C(=O)CCC1C2CCC1C2,C1CCC(=O)C1CC1CC1CC1C(=O)CC1CC1,C[C@H]1CC(=O)C[C@H]1CC[C@H]1[C@H]2CC[C@]2(C)C(=O)CC[C@H]12
C1CCC2C[C@H]1CC[C@@H]3C2CCC(=O)C[C@@H](CC[C@H]3CCC(=O)C4)C4,C[C@]12CC[C@H]3[C@@H]4CCC(=O)C[C@@H](CC[C@@H]3[C@H]1CCC2=O)C4,C[C@]12CC[C@H]3[C@@H]4CCC(=O)C[C@@H](CC[C@@H]3[C@H]1CCC2=O)C4,C1CCC(=O)C2CCC3C(C(C(C(C(C2)C3)C)C)C)C(=O)C1,C[C@]12CC[C@H]3[C@@H]4CCC(=O)C[C@@H](CC[C@@H]3[C@H]1CCC2=O)C4
O=C1CC[C@H]2C[C@H](CC[C@H]3[C@@H]4CCCC(CC[C@H]23)C(=O)CC4)C1,C1CCO=C1CC2C[C@H](CC[C@H]3[C@@H]4CCCC(CC[C@H]23)C(=O)CC4)C2,C1CC(=O)C2CCC3CCC4(C(C(C(C(C(C(C(C(C4CC3)C)C)C)C)C)C)C)C(=O)CC1)C,O=C1CC[C@H]2C[C@H](CC[C@H]3[C@H]4CCCC(CC[C@H]23)C(=O)CC4)C1,C1CCC(=O)C2CC[C@H]3C[C@H](CC[C@H]4[C@@H]5CCCC(C(C(C(C(C(C5)C4)C3)C2)C)C)C(=O)CC1)C
C1=NC=CN1c1ccc2c(c1)CC(c1cccc(C3(O)CCCCC3)n1)N2,C1=NC=NC2=CC=CC=C2C1=CC=CC1=CC=CC1=CC=CC1=CC=CC1=CC=CC1=CC=CC1=CC=CC1=CC=CC1=CC=CC1=CC=CC1=CC=CC1=CC=CC1=CC=CC1,C1=NC(=N)C1c1ccc2c(c1)CC(c1cccc(C3(CCC(C(C)C)C)C3)C1)N=2,C1=NC=NC1c1ccc2c(c1)CC(C1(C(C(C(O)C)CC)C)C)C2N=2,C1=NC(=N)C1c1ccc2c(c1)CC(c1cccc(C3(O)CCCCC3)c1)N=2
C1=CC[C@H]2C[C@H](C[C@H]3[C@H]4C[C@H]5CC[C@H]3[C@H]4[C@H](C[C@H]5C(=O)C1)C)C,C1CCOC1C2CC(C(C(C(C(C(C(C(C(C(C(C(C(C(C(C(C(C(C(C(C(C(C(C(C(C(C(C(C(C(C(C(C(C(C(C(C(C(C(C(C(C(C(C(C(C(C(C(C(C(C(C(C(C(C(C(C(C(C(C(C(C(C(C(C(C(C(C(C(C(C(C(C,C1CC(=O)C2CC[C@H](C(C(C(C(C(C(C(C(C(C(C(C(C(C(C(C(C(C(C(C(C(C(C(C(C(C(C(C(C(C(C(C(C(C(C(C(C(C(C(C(C(C(C(C(C(C(C(C(C(C(C(C(C(C(C(C(C(C(C(C(C(C(C(C(C(C(C,C1CC(=O)C2CC(C(C(C(C(C(C(C(C(C(C(C(C(C(C(C(C(C(C(C(C(C(C(C(C(C(C(C(C(C(C(C(C(C(C(C(C(C(C(C(C(C(C(C(C(C(C(C(C(C(C(C(C(C(C(C(C(C(C(C(C(C(C(C(C(C(C(C(C(C(C(C,O=C1CC[C@H]2C[C@H](CC[C@H]3[C@H]4CCCC(CC[C@H]23)C(=O)CC4)C1
C1CCC(=O)C2CC3CC4C[C@H]5CC(C(C5)C4)C(C(=O)C4CC5CCCCC(=O)C(C5)C4)C(CCC3=O)C2CC2C2CC1C2,C1CCC1OC(=O)C2CCC3CCC4(C(C(C(C(C(C(C(C(C(C(C(C(C(C(C(C(C(C(C(C(C(C(C(C(C(C(C(C(C(C(C(C(C(C(C(C(C(C(C(C(C(C(C(C(C(C(C(C(C(C(C(C(C(C(C(C(C(C(C(C(C(C(C(C(C(C,C1CCC(=O)C2CCC3C4C(C(C5C(C(C(C(C(C(C(C(C(C(C(C(C(C(C(C(C(C(C(C(C(C(C(C(C(C(C(C(C(C(C(C(C(C(C(C(C(C(C(C(C(C(C(C(C(C(C(C(C(C(C(C(C(C(C(C(C(C(C(C(C(C(C(C,C1CCC2(C3CC4C(C(C5C(C(C(C(C(C(C(C(C(C(C(C(C(C(C(C(C(C(C(C(C(C(C(C(C(C(C(C(C(C(C(C(C(C(C(C(C(C(C(C(C(C(C(C(C(C(C(C(C(C(C(C(C(C(C(C(C(C(C(C(C(C(C(C(C(C(C(C,C1CC(=O)C(C1)C1CC2CC(C1)C1CC(C(=O)C1)C1(C(C)C(C)C)C1(C(C)C(C)C)C1CC2CC(C1)C1CC(C(=O)C1)C1CC2CC(C1)C1CC(C(=O
CC1C2CCC[C@@H]3CC4C[C@H]3CC[C@H](C)C[C@@H]3CCC(CC(C1C)C4C3)C(=O)CCCCCC2=O,CC1C2CCC3C[C@H]4CC[C@H]3CC[C@H](C)C[C@H]3CCC(CC(C1C)C4C3)C(=O)CCCCCC2=O,CC1C2CCC[C@H]3CC4C[C@H]3CC[C@H](C)C[C@@H]3CCC(CC(C1C)C4C3)C(=O)CCCCCC2=O,CC1CC2CCC[C@H]3CC4C[C@H]3CC[C@H](C)C[C@H]3CCC(CC(C1C)C4C3)C(=O)CCCCCC2=O,C1CC(C(C(C(C(C(C(C(C(C(C(C(C(C(C(C(C(C(C(C(C(C(C(C(C(C(C(C(C(C(C(C(C(C(C(C(C(C(C(C(C(C(C(C(C(C(C(C(C(C(C(C(C(C(C(C(C(C(C(C(C(C(C(C(C(C(C(C(C(C(C(C(C(C(C(C(C(C
C1CCC(=O)C2CCC1CC2CC(=O)C(C)CC1CCC2C1,C1CCC(=O)C2CCC1CC2C(=O)C1CCC2C(C)C(=O)CC12,C1CCC(=O)C[C@H]1CC[C@H]1[C@H]2CC[C@]2(C)C(=O)CC[C@H]12,C1CCC(=O)C2CCC(C1)C(=O)CC1CCC2C,C1CCC(=O)C2CCC1CC1CC2CC2(C)C(=O)CC1CC2C1C2
CC(=O)Nc1ccc(cc1)C(=O)C(C)C[C@H](C)C[C@H]1CC(=O)Nc2ccccc2OC(C)C(C)C(=O)Nc3ccc(cc3)C(C)C[C@H](C)[C@H]1C(=O)Nc4,CC(=O)Nc1ccc(cc1)C(=O)C(C)C(C)C(C)C(=O)C(C)C(C)C(=O)C(C)C(C)C(=O)C(C)C(C)C(=O)C(C)C(C)C(=O)C(C)C(C)C(=O)C(C,C1CC1CO[C@H]1C[C@H](C)Cc2cc(O)cc(c2)NC(=O)C(C)=CC[C@H](C)[C@@H](OC(N)=O)C(C)=CC[C@H](C)[C@H]1O,C1CC1C(C)C2C3C(C(C)C)C4C5C(C(C)C)C(C(C)C)C6C7C(C(C)C)C(C(C)C)C(C(C)C)C(C(C)C)C(C(C)C)C(C(C)C)C(C(C)C)C,C1CCC(C(C(=O)Nc2ccc(cc2)C(=O)N)C(=O)N)C(=O)Nc3ccc(cc3)C(=O)N1
CC1(C)S[C@]23[C@H](NC(=O)CCC[C@H](N)C(=O)O)[C@@]2(O)[C@@H]3[C@H]1C(=O)O,CC1(C)S[C@]23[C@H](NC(=O)CCC[C@H](N)C(=O)O)[C@@]2(O)[C@@H]3[C@H]1C(=O)O,CC1(C)S[C@]23[C@H](NC(=O)CCC[C@H](N)C(=O)O)[C@@]2(O)[C@@H]3[C@H]1C(=O)O,CC1(C)S[C@]23[C@H](NC(=O)CCC[C@H](N)C(=O)O)[C@@]2(O)[C@@H]3[C@H]1C(=O)O,CC1(C)S[C@]23[C@H](NC(=O)CCC[C@H](N)C(=O)O)[C@@]2(O)[C@@H]3[C@H]1C(=O)O
C1CCC2C[C@H]1CC[C@H]3C4CCC[C@H](CC[C@@H]3[C@H]1CC2CCC1=O)CC4=O,C1CCC2CCC3(C(C(C(C2)C(C3)C)C)C(=O))C(=O)C1,C1CCC2CCC3C(C(C(C(C(C1)C2)C3)C)C)C(=O)O,C[C@]12CC[C@H]3C4CCC[C@H](CC[C@@H]3[C@H]1CCC2=O)CC4=O,C1CCC2CCC3C(C(C(C(C(C1)C2)C3)C)C)C(=O)C(=O)
C1CCC(=O)C2CC3CC4CC(C5C(C(C(C(C(C(C(C(C(C(C(C(C(C(C(C(C(C(C(C(C(C(C(C(C(C(C(C(C(C(C(C(C(C(C(C(C(C(C(C(C(C(C(C(C(C(C(C(C(C(C(C(C(C(C(C(C(C(C(C(C(C(C(C(C,C1CCC2(C(C(C(C(C(C1)C(C2)C(C2)C(C2)C(C2)C(C2)C(C2)C(C2)C(C2)C(C2)C(C2)C(C2)C(C2)C(C2)C(C2)C(C2)C(C2)C(C2),C1CCC(=O)C1CC(C)C1CC(C)C1(C)C1(C)C1(C)C(=O)C1(C)C1(C)C1(C)C(=O)C1(C)C1(C)C1(C)C1(C)C(=O)C1(C)C1(C)C1(C),C1CCOC1(C2CC3CC4CC(C(C5C(C(C(C(C(C(C(C(C(C(C(C(C(C(C(C(C(C(C(C(C(C(C(C(C(C(C(C(C(C(C(C(C(C(C(C(C(C(C(C(C(C(C(C(C(C(C(C(C(C(C(C(C(C(C(C(C(C(C(C(C(C(C(C(C,C1CCC2C(=O)C3CC4C[C@H]5CC6CC7CC8C[C@H]9CC(C(=O)C8CC10CC(C11CC12CC(C(C(C(C(C(C(C(C(C(C(C(C(C(C(C(C(C(C(C(C(C(C(C(C(C(C(C(C(C(C(C(C(C(C(C
CC1=CC[C@H](C)[C@@H](OC(N)=O)C(C)=CC[C@H](C)[C@@H](O)[C@@H](OCC2CC2)C[C@H](C)Cc2cc(O)cc(c2)NC1=O,C1CCC(=O)C2CCC1CC2CC(=O)C1CCC2C1CC2,C1CCC(=O)C2CCC1CC2CC(=O)C1CC2CCC1C2,C1CCC(=O)C1CCC2CC(=O)CC1CC2,C1CCC(=O)C2CC[C@H]1CC[C@H]1[C@H]2CC[C]2CC(=O)CC[C@@H]21
CC(=O)c1ccccc1N[C@H](c1ccc(OCCc2nc(c3ccccc3)oc2C)cc1)C(=O)O,C1CCC2(C(=O)C3CC4CC(C(C5C(C(C(C(C(C(C(C(C(C(C(C(C(C(C(C(C(C(C(C(C(C(C(C(C(C(C(C(C(C(C(C(C(C(C(C(C(C(C(C(C(C(C(C(C(C(C(C(C(C(C(C(C(C(C(C(C(C(C(C(C(C(C(C,C1OC[C@H](O[C@H](O[C@H]2[C@H](O)[C@@H](O)[C@@H](O)O[C@@H]2CO)C([C@H](O)[C@@H](O)[C@@H]1O)O,OC1[C@H]1O[C@H](O[C@H]2[C@H](O)[C@@H](O)[C@@H](O)O[C@@H]2CO)[C@H](O)[C@@H](O)[C@@H]1O,Oc1cc(ccc1O)C(=O)O
C1CCC(C(=O)C1)C(=O)C1CCC(=O)C1,C1CCC(C(C1)O)C(O)C(O)C(O)C(O)C,CC1CCCOCCOCC1,C1CCC(C1)CCC1CCOCC1,C1CCCCCCC1C1CCCCCCC1
